Sample,Loc,Number,File,Reads,Alignment,Path,Location
ALVS_091,ALVS,091,ALVS_091_R1.sort.flt.bam,498802,New Genome,/home/maccamp/data/longfin/ALVS_091_R1.sort.flt.bam,ALVS
ALVS_092,ALVS,092,ALVS_092_R1.sort.flt.bam,225523,New Genome,/home/maccamp/data/longfin/ALVS_092_R1.sort.flt.bam,ALVS
ALVS_093,ALVS,093,ALVS_093_R1.sort.flt.bam,371449,New Genome,/home/maccamp/data/longfin/ALVS_093_R1.sort.flt.bam,ALVS
ALVS_094,ALVS,094,ALVS_094_R1.sort.flt.bam,438541,New Genome,/home/maccamp/data/longfin/ALVS_094_R1.sort.flt.bam,ALVS
ALVS_095,ALVS,095,ALVS_095_R1.sort.flt.bam,433426,New Genome,/home/maccamp/data/longfin/ALVS_095_R1.sort.flt.bam,ALVS
ALVS_096,ALVS,096,ALVS_096_R1.sort.flt.bam,457538,New Genome,/home/maccamp/data/longfin/ALVS_096_R1.sort.flt.bam,ALVS
ALVS_097,ALVS,097,ALVS_097_R1.sort.flt.bam,515777,New Genome,/home/maccamp/data/longfin/ALVS_097_R1.sort.flt.bam,ALVS
ALVS_098,ALVS,098,ALVS_098_R1.sort.flt.bam,676628,New Genome,/home/maccamp/data/longfin/ALVS_098_R1.sort.flt.bam,ALVS
ALVS_099,ALVS,099,ALVS_099_R1.sort.flt.bam,482317,New Genome,/home/maccamp/data/longfin/ALVS_099_R1.sort.flt.bam,ALVS
ALVS_100,ALVS,100,ALVS_100_R1.sort.flt.bam,404365,New Genome,/home/maccamp/data/longfin/ALVS_100_R1.sort.flt.bam,ALVS
ALVS_101,ALVS,101,ALVS_101_R1.sort.flt.bam,554217,New Genome,/home/maccamp/data/longfin/ALVS_101_R1.sort.flt.bam,ALVS
ALVS_102,ALVS,102,ALVS_102_R1.sort.flt.bam,264557,New Genome,/home/maccamp/data/longfin/ALVS_102_R1.sort.flt.bam,ALVS
CHPI_703,CHPI,703,CHPI_703_R1.sort.flt.bam,280535,New Genome,/home/maccamp/data/longfin/CHPI_703_R1.sort.flt.bam,CHPI
CHPI_707,CHPI,707,CHPI_707_R1.sort.flt.bam,700365,New Genome,/home/maccamp/data/longfin/CHPI_707_R1.sort.flt.bam,CHPI
CHPI_725,CHPI,725,CHPI_725_R1.sort.flt.bam,514296,New Genome,/home/maccamp/data/longfin/CHPI_725_R1.sort.flt.bam,CHPI
CHPI_735,CHPI,735,CHPI_735_R1.sort.flt.bam,584538,New Genome,/home/maccamp/data/longfin/CHPI_735_R1.sort.flt.bam,CHPI
CHPI_916,CHPI,916,CHPI_916_R1.sort.flt.bam,716229,New Genome,/home/maccamp/data/longfin/CHPI_916_R1.sort.flt.bam,CHPI
CHPI_924,CHPI,924,CHPI_924_R1.sort.flt.bam,457434,New Genome,/home/maccamp/data/longfin/CHPI_924_R1.sort.flt.bam,CHPI
CHPI_925,CHPI,925,CHPI_925_R1.sort.flt.bam,250910,New Genome,/home/maccamp/data/longfin/CHPI_925_R1.sort.flt.bam,CHPI
COLR_001,COLR,001,COLR_001_R1.sort.flt.bam,258297,New Genome,/home/maccamp/data/longfin/COLR_001_R1.sort.flt.bam,COLR
COLR_007,COLR,007,COLR_007_R1.sort.flt.bam,296521,New Genome,/home/maccamp/data/longfin/COLR_007_R1.sort.flt.bam,COLR
COLR_030,COLR,030,COLR_030_R1.sort.flt.bam,1433654,New Genome,/home/maccamp/data/longfin/COLR_030_R1.sort.flt.bam,COLR
COLR_031,COLR,031,COLR_031_R1.sort.flt.bam,247932,New Genome,/home/maccamp/data/longfin/COLR_031_R1.sort.flt.bam,COLR
COLR_032,COLR,032,COLR_032_R1.sort.flt.bam,726471,New Genome,/home/maccamp/data/longfin/COLR_032_R1.sort.flt.bam,COLR
COLR_033,COLR,033,COLR_033_R1.sort.flt.bam,306723,New Genome,/home/maccamp/data/longfin/COLR_033_R1.sort.flt.bam,COLR
COLR_035,COLR,035,COLR_035_R1.sort.flt.bam,327624,New Genome,/home/maccamp/data/longfin/COLR_035_R1.sort.flt.bam,COLR
HRLC_001,HRLC,001,HRLC_001_R1.sort.flt.bam,309026,New Genome,/home/maccamp/data/longfin/HRLC_001_R1.sort.flt.bam,HRLC
HRLC_264,HRLC,264,HRLC_264_R1.sort.flt.bam,189742,New Genome,/home/maccamp/data/longfin/HRLC_264_R1.sort.flt.bam,HRLC
HRLC_266,HRLC,266,HRLC_266_R1.sort.flt.bam,310382,New Genome,/home/maccamp/data/longfin/HRLC_266_R1.sort.flt.bam,HRLC
HRLC_271,HRLC,271,HRLC_271_R1.sort.flt.bam,549193,New Genome,/home/maccamp/data/longfin/HRLC_271_R1.sort.flt.bam,HRLC
HRLC_272,HRLC,272,HRLC_272_R1.sort.flt.bam,474948,New Genome,/home/maccamp/data/longfin/HRLC_272_R1.sort.flt.bam,HRLC
HRLC_274,HRLC,274,HRLC_274_R1.sort.flt.bam,484484,New Genome,/home/maccamp/data/longfin/HRLC_274_R1.sort.flt.bam,HRLC
HUMB_001,HUMB,001,HUMB_001_R1.sort.flt.bam,1658489,New Genome,/home/maccamp/data/longfin/HUMB_001_R1.sort.flt.bam,HUMB
HUMB_002,HUMB,002,HUMB_002_R1.sort.flt.bam,2829442,New Genome,/home/maccamp/data/longfin/HUMB_002_R1.sort.flt.bam,HUMB
HUMB_003,HUMB,003,HUMB_003_R1.sort.flt.bam,2349005,New Genome,/home/maccamp/data/longfin/HUMB_003_R1.sort.flt.bam,HUMB
HUMB_004,HUMB,004,HUMB_004_R1.sort.flt.bam,1433887,New Genome,/home/maccamp/data/longfin/HUMB_004_R1.sort.flt.bam,HUMB
HUMB_005,HUMB,005,HUMB_005_R1.sort.flt.bam,1916198,New Genome,/home/maccamp/data/longfin/HUMB_005_R1.sort.flt.bam,HUMB
HUMB_006,HUMB,006,HUMB_006_R1.sort.flt.bam,2079840,New Genome,/home/maccamp/data/longfin/HUMB_006_R1.sort.flt.bam,HUMB
HUMB_007,HUMB,007,HUMB_007_R1.sort.flt.bam,1686615,New Genome,/home/maccamp/data/longfin/HUMB_007_R1.sort.flt.bam,HUMB
HUMB_008,HUMB,008,HUMB_008_R1.sort.flt.bam,1237057,New Genome,/home/maccamp/data/longfin/HUMB_008_R1.sort.flt.bam,HUMB
LWSH_037,LWSH,037,LWSH_037_R1.sort.flt.bam,1240081,New Genome,/home/maccamp/data/longfin/LWSH_037_R1.sort.flt.bam,LWSH
LWSH_040,LWSH,040,LWSH_040_R1.sort.flt.bam,537534,New Genome,/home/maccamp/data/longfin/LWSH_040_R1.sort.flt.bam,LWSH
LWSH_042,LWSH,042,LWSH_042_R1.sort.flt.bam,461191,New Genome,/home/maccamp/data/longfin/LWSH_042_R1.sort.flt.bam,LWSH
LWSH_050,LWSH,050,LWSH_050_R1.sort.flt.bam,212708,New Genome,/home/maccamp/data/longfin/LWSH_050_R1.sort.flt.bam,LWSH
LWSH_051,LWSH,051,LWSH_051_R1.sort.flt.bam,374500,New Genome,/home/maccamp/data/longfin/LWSH_051_R1.sort.flt.bam,LWSH
LWSH_052,LWSH,052,LWSH_052_R1.sort.flt.bam,511068,New Genome,/home/maccamp/data/longfin/LWSH_052_R1.sort.flt.bam,LWSH
LWSH_053,LWSH,053,LWSH_053_R1.sort.flt.bam,1945314,New Genome,/home/maccamp/data/longfin/LWSH_053_R1.sort.flt.bam,LWSH
LWSH_057,LWSH,057,LWSH_057_R1.sort.flt.bam,794991,New Genome,/home/maccamp/data/longfin/LWSH_057_R1.sort.flt.bam,LWSH
LWSH_058,LWSH,058,LWSH_058_R1.sort.flt.bam,1236615,New Genome,/home/maccamp/data/longfin/LWSH_058_R1.sort.flt.bam,LWSH
LWSH_060,LWSH,060,LWSH_060_R1.sort.flt.bam,829514,New Genome,/home/maccamp/data/longfin/LWSH_060_R1.sort.flt.bam,LWSH
LWSH_068,LWSH,068,LWSH_068_R1.sort.flt.bam,1957174,New Genome,/home/maccamp/data/longfin/LWSH_068_R1.sort.flt.bam,LWSH
LWSH_076,LWSH,076,LWSH_076_R1.sort.flt.bam,1572599,New Genome,/home/maccamp/data/longfin/LWSH_076_R1.sort.flt.bam,LWSH
LWSH_080,LWSH,080,LWSH_080_R1.sort.flt.bam,1003439,New Genome,/home/maccamp/data/longfin/LWSH_080_R1.sort.flt.bam,LWSH
LWSH_084,LWSH,084,LWSH_084_R1.sort.flt.bam,226257,New Genome,/home/maccamp/data/longfin/LWSH_084_R1.sort.flt.bam,LWSH
LWSH_090,LWSH,090,LWSH_090_R1.sort.flt.bam,464301,New Genome,/home/maccamp/data/longfin/LWSH_090_R1.sort.flt.bam,LWSH
LWSH_091,LWSH,091,LWSH_091_R1.sort.flt.bam,1015463,New Genome,/home/maccamp/data/longfin/LWSH_091_R1.sort.flt.bam,LWSH
LWSH_102,LWSH,102,LWSH_102_R1.sort.flt.bam,855992,New Genome,/home/maccamp/data/longfin/LWSH_102_R1.sort.flt.bam,LWSH
PETA_064,PETA,064,PETA_064_R1.sort.flt.bam,275687,New Genome,/home/maccamp/data/longfin/PETA_064_R1.sort.flt.bam,PETA
PETA_065,PETA,065,PETA_065_R1.sort.flt.bam,737210,New Genome,/home/maccamp/data/longfin/PETA_065_R1.sort.flt.bam,PETA
PETA_066,PETA,066,PETA_066_R1.sort.flt.bam,284840,New Genome,/home/maccamp/data/longfin/PETA_066_R1.sort.flt.bam,PETA
PETA_067,PETA,067,PETA_067_R1.sort.flt.bam,543833,New Genome,/home/maccamp/data/longfin/PETA_067_R1.sort.flt.bam,PETA
PETA_068,PETA,068,PETA_068_R1.sort.flt.bam,616978,New Genome,/home/maccamp/data/longfin/PETA_068_R1.sort.flt.bam,PETA
PETA_069,PETA,069,PETA_069_R1.sort.flt.bam,662145,New Genome,/home/maccamp/data/longfin/PETA_069_R1.sort.flt.bam,PETA
PTLC_006,PTLC,006,PTLC_006_R1.sort.flt.bam,173331,New Genome,/home/maccamp/data/longfin/PTLC_006_R1.sort.flt.bam,PTLC
PTLC_010,PTLC,010,PTLC_010_R1.sort.flt.bam,167574,New Genome,/home/maccamp/data/longfin/PTLC_010_R1.sort.flt.bam,PTLC
PTLC_014,PTLC,014,PTLC_014_R1.sort.flt.bam,164257,New Genome,/home/maccamp/data/longfin/PTLC_014_R1.sort.flt.bam,PTLC
PTLC_016,PTLC,016,PTLC_016_R1.sort.flt.bam,280764,New Genome,/home/maccamp/data/longfin/PTLC_016_R1.sort.flt.bam,PTLC
PTLC_021,PTLC,021,PTLC_021_R1.sort.flt.bam,352020,New Genome,/home/maccamp/data/longfin/PTLC_021_R1.sort.flt.bam,PTLC
PTLC_022,PTLC,022,PTLC_022_R1.sort.flt.bam,328503,New Genome,/home/maccamp/data/longfin/PTLC_022_R1.sort.flt.bam,PTLC
PTLC_024,PTLC,024,PTLC_024_R1.sort.flt.bam,345180,New Genome,/home/maccamp/data/longfin/PTLC_024_R1.sort.flt.bam,PTLC
SFBY_075,SFBY,075,SFBY_075_R1.sort.flt.bam,684288,New Genome,/home/maccamp/data/longfin/SFBY_075_R1.sort.flt.bam,SFBY
SFBY_076,SFBY,076,SFBY_076_R1.sort.flt.bam,330507,New Genome,/home/maccamp/data/longfin/SFBY_076_R1.sort.flt.bam,SFBY
SFBY_077,SFBY,077,SFBY_077_R1.sort.flt.bam,350872,New Genome,/home/maccamp/data/longfin/SFBY_077_R1.sort.flt.bam,SFBY
SFBY_078,SFBY,078,SFBY_078_R1.sort.flt.bam,284946,New Genome,/home/maccamp/data/longfin/SFBY_078_R1.sort.flt.bam,SFBY
SFBY_079,SFBY,079,SFBY_079_R1.sort.flt.bam,703083,New Genome,/home/maccamp/data/longfin/SFBY_079_R1.sort.flt.bam,SFBY
SFBY_080,SFBY,080,SFBY_080_R1.sort.flt.bam,483544,New Genome,/home/maccamp/data/longfin/SFBY_080_R1.sort.flt.bam,SFBY
SFBY_081,SFBY,081,SFBY_081_R1.sort.flt.bam,502841,New Genome,/home/maccamp/data/longfin/SFBY_081_R1.sort.flt.bam,SFBY
SFBY_083,SFBY,083,SFBY_083_R1.sort.flt.bam,494349,New Genome,/home/maccamp/data/longfin/SFBY_083_R1.sort.flt.bam,SFBY
SFBY_086,SFBY,086,SFBY_086_R1.sort.flt.bam,645071,New Genome,/home/maccamp/data/longfin/SFBY_086_R1.sort.flt.bam,SFBY
SFBY_088,SFBY,088,SFBY_088_R1.sort.flt.bam,566511,New Genome,/home/maccamp/data/longfin/SFBY_088_R1.sort.flt.bam,SFBY
SFBY_089,SFBY,089,SFBY_089_R1.sort.flt.bam,621522,New Genome,/home/maccamp/data/longfin/SFBY_089_R1.sort.flt.bam,SFBY
SFBY_090,SFBY,090,SFBY_090_R1.sort.flt.bam,445780,New Genome,/home/maccamp/data/longfin/SFBY_090_R1.sort.flt.bam,SFBY
SFBY_132,SFBY,132,SFBY_132_R1.sort.flt.bam,519280,New Genome,/home/maccamp/data/longfin/SFBY_132_R1.sort.flt.bam,SFBY
SFBY_134,SFBY,134,SFBY_134_R1.sort.flt.bam,170076,New Genome,/home/maccamp/data/longfin/SFBY_134_R1.sort.flt.bam,SFBY
SFBY_135,SFBY,135,SFBY_135_R1.sort.flt.bam,399537,New Genome,/home/maccamp/data/longfin/SFBY_135_R1.sort.flt.bam,SFBY
SFBY_137,SFBY,137,SFBY_137_R1.sort.flt.bam,229611,New Genome,/home/maccamp/data/longfin/SFBY_137_R1.sort.flt.bam,SFBY
SFBY_142,SFBY,142,SFBY_142_R1.sort.flt.bam,521560,New Genome,/home/maccamp/data/longfin/SFBY_142_R1.sort.flt.bam,SFBY
SFBY_144,SFBY,144,SFBY_144_R1.sort.flt.bam,391570,New Genome,/home/maccamp/data/longfin/SFBY_144_R1.sort.flt.bam,SFBY
SFBY_146,SFBY,146,SFBY_146_R1.sort.flt.bam,247772,New Genome,/home/maccamp/data/longfin/SFBY_146_R1.sort.flt.bam,SFBY
SFBY_148,SFBY,148,SFBY_148_R1.sort.flt.bam,373469,New Genome,/home/maccamp/data/longfin/SFBY_148_R1.sort.flt.bam,SFBY
SKNA_043,SKNA,043,SKNA_043_R1.sort.flt.bam,311513,New Genome,/home/maccamp/data/longfin/SKNA_043_R1.sort.flt.bam,SKNA
SKNA_044,SKNA,044,SKNA_044_R1.sort.flt.bam,378749,New Genome,/home/maccamp/data/longfin/SKNA_044_R1.sort.flt.bam,SKNA
SKNA_045,SKNA,045,SKNA_045_R1.sort.flt.bam,1213414,New Genome,/home/maccamp/data/longfin/SKNA_045_R1.sort.flt.bam,SKNA
SKNA_046,SKNA,046,SKNA_046_R1.sort.flt.bam,1587961,New Genome,/home/maccamp/data/longfin/SKNA_046_R1.sort.flt.bam,SKNA
SKNA_047,SKNA,047,SKNA_047_R1.sort.flt.bam,794029,New Genome,/home/maccamp/data/longfin/SKNA_047_R1.sort.flt.bam,SKNA
SKNA_048,SKNA,048,SKNA_048_R1.sort.flt.bam,1083029,New Genome,/home/maccamp/data/longfin/SKNA_048_R1.sort.flt.bam,SKNA
SKNA_049,SKNA,049,SKNA_049_R1.sort.flt.bam,198312,New Genome,/home/maccamp/data/longfin/SKNA_049_R1.sort.flt.bam,SKNA
SKNA_050,SKNA,050,SKNA_050_R1.sort.flt.bam,1051398,New Genome,/home/maccamp/data/longfin/SKNA_050_R1.sort.flt.bam,SKNA
SKNA_051,SKNA,051,SKNA_051_R1.sort.flt.bam,1400257,New Genome,/home/maccamp/data/longfin/SKNA_051_R1.sort.flt.bam,SKNA
SKNA_052,SKNA,052,SKNA_052_R1.sort.flt.bam,1221981,New Genome,/home/maccamp/data/longfin/SKNA_052_R1.sort.flt.bam,SKNA
SUIB_014,SUIB,014,SUIB_014_R1.sort.flt.bam,759415,New Genome,/home/maccamp/data/longfin/SUIB_014_R1.sort.flt.bam,SUIB
SUIB_015,SUIB,015,SUIB_015_R1.sort.flt.bam,1283054,New Genome,/home/maccamp/data/longfin/SUIB_015_R1.sort.flt.bam,SUIB
SUIB_016,SUIB,016,SUIB_016_R1.sort.flt.bam,1355966,New Genome,/home/maccamp/data/longfin/SUIB_016_R1.sort.flt.bam,SUIB
SUIB_017,SUIB,017,SUIB_017_R1.sort.flt.bam,832049,New Genome,/home/maccamp/data/longfin/SUIB_017_R1.sort.flt.bam,SUIB
SUIB_018,SUIB,018,SUIB_018_R1.sort.flt.bam,374368,New Genome,/home/maccamp/data/longfin/SUIB_018_R1.sort.flt.bam,SUIB
SUIB_019,SUIB,019,SUIB_019_R1.sort.flt.bam,940355,New Genome,/home/maccamp/data/longfin/SUIB_019_R1.sort.flt.bam,SUIB
SUIB_020,SUIB,020,SUIB_020_R1.sort.flt.bam,932247,New Genome,/home/maccamp/data/longfin/SUIB_020_R1.sort.flt.bam,SUIB
SUIB_021,SUIB,021,SUIB_021_R1.sort.flt.bam,1156152,New Genome,/home/maccamp/data/longfin/SUIB_021_R1.sort.flt.bam,SUIB
SUIB_023,SUIB,023,SUIB_023_R1.sort.flt.bam,929726,New Genome,/home/maccamp/data/longfin/SUIB_023_R1.sort.flt.bam,SUIB
SUIB_024,SUIB,024,SUIB_024_R1.sort.flt.bam,1186987,New Genome,/home/maccamp/data/longfin/SUIB_024_R1.sort.flt.bam,SUIB
SUIB_028,SUIB,028,SUIB_028_R1.sort.flt.bam,1080515,New Genome,/home/maccamp/data/longfin/SUIB_028_R1.sort.flt.bam,SUIB
SUIB_029,SUIB,029,SUIB_029_R1.sort.flt.bam,947433,New Genome,/home/maccamp/data/longfin/SUIB_029_R1.sort.flt.bam,SUIB
SUIB_030,SUIB,030,SUIB_030_R1.sort.flt.bam,1357408,New Genome,/home/maccamp/data/longfin/SUIB_030_R1.sort.flt.bam,SUIB
SUIB_031,SUIB,031,SUIB_031_R1.sort.flt.bam,482900,New Genome,/home/maccamp/data/longfin/SUIB_031_R1.sort.flt.bam,SUIB
SUIB_033,SUIB,033,SUIB_033_R1.sort.flt.bam,846282,New Genome,/home/maccamp/data/longfin/SUIB_033_R1.sort.flt.bam,SUIB
SUIB_040,SUIB,040,SUIB_040_R1.sort.flt.bam,645855,New Genome,/home/maccamp/data/longfin/SUIB_040_R1.sort.flt.bam,SUIB
SUIB_042,SUIB,042,SUIB_042_R1.sort.flt.bam,634433,New Genome,/home/maccamp/data/longfin/SUIB_042_R1.sort.flt.bam,SUIB
SUIB_043,SUIB,043,SUIB_043_R1.sort.flt.bam,846824,New Genome,/home/maccamp/data/longfin/SUIB_043_R1.sort.flt.bam,SUIB
SUIB_044,SUIB,044,SUIB_044_R1.sort.flt.bam,993165,New Genome,/home/maccamp/data/longfin/SUIB_044_R1.sort.flt.bam,SUIB
SUIB_046,SUIB,046,SUIB_046_R1.sort.flt.bam,802692,New Genome,/home/maccamp/data/longfin/SUIB_046_R1.sort.flt.bam,SUIB
YBAK_001,YBAK,001,YBAK_001_R1.sort.flt.bam,611498,New Genome,/home/maccamp/data/longfin/YBAK_001_R1.sort.flt.bam,YBAK
YBAK_002,YBAK,002,YBAK_002_R1.sort.flt.bam,1392621,New Genome,/home/maccamp/data/longfin/YBAK_002_R1.sort.flt.bam,YBAK
YBAK_003,YBAK,003,YBAK_003_R1.sort.flt.bam,785231,New Genome,/home/maccamp/data/longfin/YBAK_003_R1.sort.flt.bam,YBAK
YBAK_005,YBAK,005,YBAK_005_R1.sort.flt.bam,1380147,New Genome,/home/maccamp/data/longfin/YBAK_005_R1.sort.flt.bam,YBAK
YBAK_006,YBAK,006,YBAK_006_R1.sort.flt.bam,1086259,New Genome,/home/maccamp/data/longfin/YBAK_006_R1.sort.flt.bam,YBAK
YBAK_007,YBAK,007,YBAK_007_R1.sort.flt.bam,1221365,New Genome,/home/maccamp/data/longfin/YBAK_007_R1.sort.flt.bam,YBAK
YBAK_008,YBAK,008,YBAK_008_R1.sort.flt.bam,1264087,New Genome,/home/maccamp/data/longfin/YBAK_008_R1.sort.flt.bam,YBAK
YBAK_009,YBAK,009,YBAK_009_R1.sort.flt.bam,1203149,New Genome,/home/maccamp/data/longfin/YBAK_009_R1.sort.flt.bam,YBAK
YBAK_010,YBAK,010,YBAK_010_R1.sort.flt.bam,1155217,New Genome,/home/maccamp/data/longfin/YBAK_010_R1.sort.flt.bam,YBAK
YBAK_011,YBAK,011,YBAK_011_R1.sort.flt.bam,841957,New Genome,/home/maccamp/data/longfin/YBAK_011_R1.sort.flt.bam,YBAK
YBAK_012,YBAK,012,YBAK_012_R1.sort.flt.bam,668683,New Genome,/home/maccamp/data/longfin/YBAK_012_R1.sort.flt.bam,YBAK
YBAK_014,YBAK,014,YBAK_014_R1.sort.flt.bam,734572,New Genome,/home/maccamp/data/longfin/YBAK_014_R1.sort.flt.bam,YBAK
YBAK_015,YBAK,015,YBAK_015_R1.sort.flt.bam,1211705,New Genome,/home/maccamp/data/longfin/YBAK_015_R1.sort.flt.bam,YBAK
YBAK_016,YBAK,016,YBAK_016_R1.sort.flt.bam,1392226,New Genome,/home/maccamp/data/longfin/YBAK_016_R1.sort.flt.bam,YBAK
YBAK_017,YBAK,017,YBAK_017_R1.sort.flt.bam,1254641,New Genome,/home/maccamp/data/longfin/YBAK_017_R1.sort.flt.bam,YBAK
YBAK_018,YBAK,018,YBAK_018_R1.sort.flt.bam,1270060,New Genome,/home/maccamp/data/longfin/YBAK_018_R1.sort.flt.bam,YBAK
YBAK_020,YBAK,020,YBAK_020_R1.sort.flt.bam,1239618,New Genome,/home/maccamp/data/longfin/YBAK_020_R1.sort.flt.bam,YBAK
YBAK_021,YBAK,021,YBAK_021_R1.sort.flt.bam,1154727,New Genome,/home/maccamp/data/longfin/YBAK_021_R1.sort.flt.bam,YBAK
YBAK_022,YBAK,022,YBAK_022_R1.sort.flt.bam,660810,New Genome,/home/maccamp/data/longfin/YBAK_022_R1.sort.flt.bam,YBAK
YBAK_023,YBAK,023,YBAK_023_R1.sort.flt.bam,649354,New Genome,/home/maccamp/data/longfin/YBAK_023_R1.sort.flt.bam,YBAK
